{
  "run_at": "2026-06-08T23:58:51.950922",
  "judge_models": [
    "gpt-4o",
    "claude-sonnet-4-5",
    "deepseek-ai/DeepSeek-V4-Pro"
  ],
  "models": {
    "gpt-4o": {
      "final_score": 0.7927,
      "avg_latency": 7.339798652777776,
      "avg_judge": {
        "correctness": 0.7777777777777777,
        "reasoning": 0.766111111111111,
        "clarity": 0.8630555555555555,
        "hallucination_free": 0.8194444444444445
      },
      "category_scores": {
        "architecture": 0.8293,
        "coding": 0.6808,
        "debugging": 0.745,
        "summarization": 0.9475,
        "business_writing": 0.7175,
        "agent_planning": 0.8363
      },
      "category_score_stds": {
        "architecture": 0.0111,
        "coding": 0.1567,
        "debugging": 0.1756,
        "summarization": 0.0371,
        "business_writing": 0.1338,
        "agent_planning": 0.0219
      },
      "category_latencies": {
        "architecture": 9.203921625333333,
        "coding": 9.406444041666665,
        "debugging": 6.4125762363333365,
        "summarization": 2.252540222333323,
        "business_writing": 6.241572805333344,
        "agent_planning": 10.521736985666658
      },
      "category_costs": {
        "architecture": 0.007668,
        "coding": 0.007841,
        "debugging": 0.006451,
        "summarization": 0.001742,
        "business_writing": 0.004248,
        "agent_planning": 0.007327
      },
      "category_judge_scores": {
        "architecture": {
          "correctness": 0.8249999999999998,
          "reasoning": 0.7983333333333333,
          "clarity": 0.8933333333333334,
          "hallucination_free": 0.9
        },
        "coding": {
          "correctness": 0.6666666666666666,
          "reasoning": 0.6666666666666666,
          "clarity": 0.8083333333333332,
          "hallucination_free": 0.75
        },
        "debugging": {
          "correctness": 0.725,
          "reasoning": 0.7416666666666666,
          "clarity": 0.8583333333333334,
          "hallucination_free": 0.725
        },
        "summarization": {
          "correctness": 0.9333333333333332,
          "reasoning": 0.9249999999999999,
          "clarity": 0.9249999999999999,
          "hallucination_free": 0.9916666666666667
        },
        "business_writing": {
          "correctness": 0.6833333333333332,
          "reasoning": 0.6583333333333333,
          "clarity": 0.7916666666666666,
          "hallucination_free": 0.6416666666666667
        },
        "agent_planning": {
          "correctness": 0.8333333333333334,
          "reasoning": 0.8066666666666666,
          "clarity": 0.9016666666666667,
          "hallucination_free": 0.9083333333333333
        }
      }
    },
    "claude-sonnet-4-5": {
      "final_score": 0.9062,
      "avg_latency": 39.98635257188889,
      "avg_judge": {
        "correctness": 0.9,
        "reasoning": 0.8958333333333334,
        "clarity": 0.9347222222222222,
        "hallucination_free": 0.9180555555555556
      },
      "category_scores": {
        "architecture": 0.86,
        "coding": 0.8775,
        "debugging": 0.9175,
        "summarization": 0.995,
        "business_writing": 0.9075,
        "agent_planning": 0.88
      },
      "category_score_stds": {
        "architecture": 0.0327,
        "coding": 0.053,
        "debugging": 0.023,
        "summarization": 0.0071,
        "business_writing": 0.0089,
        "agent_planning": 0.0426
      },
      "category_latencies": {
        "architecture": 62.51960670833332,
        "coding": 35.97528466666665,
        "debugging": 47.75293804166669,
        "summarization": 6.177867319666689,
        "business_writing": 24.152315277666656,
        "agent_planning": 63.34010341733332
      },
      "category_costs": {
        "architecture": 0.061682,
        "coding": 0.043237,
        "debugging": 0.047557,
        "summarization": 0.003429,
        "business_writing": 0.01368,
        "agent_planning": 0.061724
      },
      "category_judge_scores": {
        "architecture": {
          "correctness": 0.8500000000000001,
          "reasoning": 0.8500000000000001,
          "clarity": 0.9166666666666666,
          "hallucination_free": 0.9
        },
        "coding": {
          "correctness": 0.8833333333333334,
          "reasoning": 0.85,
          "clarity": 0.9249999999999999,
          "hallucination_free": 0.9083333333333333
        },
        "debugging": {
          "correctness": 0.9166666666666666,
          "reasoning": 0.9166666666666666,
          "clarity": 0.9249999999999999,
          "hallucination_free": 0.9249999999999999
        },
        "summarization": {
          "correctness": 0.9833333333333334,
          "reasoning": 0.9833333333333334,
          "clarity": 1.0,
          "hallucination_free": 1.0
        },
        "business_writing": {
          "correctness": 0.9,
          "reasoning": 0.9,
          "clarity": 0.9250000000000002,
          "hallucination_free": 0.875
        },
        "agent_planning": {
          "correctness": 0.8666666666666667,
          "reasoning": 0.875,
          "clarity": 0.9166666666666666,
          "hallucination_free": 0.9
        }
      }
    },
    "deepseek-ai/DeepSeek-V4-Pro": {
      "final_score": 0.9131,
      "avg_latency": 31.58353231027776,
      "avg_judge": {
        "correctness": 0.9069444444444444,
        "reasoning": 0.908611111111111,
        "clarity": 0.94,
        "hallucination_free": 0.8930555555555554
      },
      "category_scores": {
        "architecture": 0.9037,
        "coding": 0.8733,
        "debugging": 0.8498,
        "summarization": 0.995,
        "business_writing": 0.9317,
        "agent_planning": 0.925
      },
      "category_score_stds": {
        "architecture": 0.019,
        "coding": 0.0592,
        "debugging": 0.0794,
        "summarization": 0.0071,
        "business_writing": 0.0266,
        "agent_planning": 0.0
      },
      "category_latencies": {
        "architecture": 41.28431111099993,
        "coding": 40.210711861333344,
        "debugging": 37.22058672200001,
        "summarization": 6.172240194666604,
        "business_writing": 16.51322248633331,
        "agent_planning": 48.100121486333364
      },
      "category_costs": {
        "architecture": 0.008799,
        "coding": 0.008406,
        "debugging": 0.008635,
        "summarization": 0.000996,
        "business_writing": 0.002716,
        "agent_planning": 0.009313
      },
      "category_judge_scores": {
        "architecture": {
          "correctness": 0.9,
          "reasoning": 0.9049999999999999,
          "clarity": 0.9199999999999999,
          "hallucination_free": 0.9083333333333333
        },
        "coding": {
          "correctness": 0.8666666666666667,
          "reasoning": 0.8666666666666667,
          "clarity": 0.9333333333333332,
          "hallucination_free": 0.8833333333333333
        },
        "debugging": {
          "correctness": 0.85,
          "reasoning": 0.8383333333333334,
          "clarity": 0.895,
          "hallucination_free": 0.7916666666666666
        },
        "summarization": {
          "correctness": 0.9916666666666667,
          "reasoning": 0.9916666666666667,
          "clarity": 1.0,
          "hallucination_free": 0.9916666666666667
        },
        "business_writing": {
          "correctness": 0.9083333333333333,
          "reasoning": 0.9250000000000002,
          "clarity": 0.9666666666666667,
          "hallucination_free": 0.875
        },
        "agent_planning": {
          "correctness": 0.9250000000000002,
          "reasoning": 0.9250000000000002,
          "clarity": 0.9250000000000002,
          "hallucination_free": 0.9083333333333333
        }
      }
    }
  }
}